-0.0990010466818299;0.788394820519755;0.811748961999031;0.681552680418544;0.399030054932871;-1.27600752846133;-0.0281806597861344;0.86191001727872;-0.927098043415046;-0.959491765508831;-0.845316908982846;0.921086933647297;1.08516899692139;1.00250090420072;-0.682902108013005;0.945525918787497;-0.852498769230309;0.858979520666903;0.0710655349812011;-0.520354354904775;-0.882689146832079;-0.918717240946762;-0.8988485245447;1.05501216768187;-0.89392272457365;-0.822911272299622;-0.895659826032116;-1.14472980508639;-0.413226206985298;-0.15131109762672;-0.284700010084661;0.753531467070994;-0.862039455269122;0.936851238317816;0.413217996982771;-0.902121120556971;-1.46430886987641;-1.04246690229532;-0.342059862208068;0.159408573870252;1.04214085209157;-0.70191216291188;0.792550083380018;-1.10912309335803;0.57843507769687;-0.625616533120382;0.47066390717333;0.507028894172099;-1.12205196515192;-1.29278421657132;-0.164562556822545;0.421405233015728;0.0313780874724589;-0.121905289014025;-0.979231280250377;-0.641625280569319;0.494737640276331;1.25297864279501;0.264830542481238;0.225266052989612;0.932377029601978;-0.458619050306855;-0.344430277868764;0.905371928020804;0.918923988275498;0.454166310011977;0.956592669472619;1.0428705001643;-0.293521894261657;-0.962491111462723;1.3441853981291
1.02714613924727;0.455119272236574;1.01946722172123;-0.766060738681854;0.608648351697672;-0.565514097458705;-0.876920015014666;-1.04577787561862;0.85800051466229;-0.126540703644112;0.469838170040928;1.13927046484811;-0.783893790341658;-1.3303904716752;0.920980588249975;-0.984525661716075;1.14092132659978;1.22759963106928;-0.947441713247585;-0.138537844638166;-0.843853307754107;0.12610250008057;0.862341809519876;0.935756038875802;0.517799631169003;1.24479268439203;-1.01146104945215;-0.907159318389648;-0.990960327864045;-0.438663556438332;0.688341618322727;-1.02819672142453;1.03584734527853;-0.652012579622261;-0.251478806253456;0.877560845492527;0.500396430019754;-1.04582594702152;-1.15605882316335;-0.942945103171704;1.04064291049646;0.775607503175577;0.629334519387731;-1.06419186033738;-0.696812655291765;-0.383188195957277;-0.911858575030296;0.652976211412996;-0.869925794720055;-0.240742445672934;1.07889998382734;1.02975523833706;-0.979870275157065;0.456383933518718;0.231912045468398;0.34525131051698;0.926699792663139;-0.730150097670923;0.732917845245123;-0.846935515519091;-0.761541133355565;0.632485697473487;-1.06795706115858;-0.0425560138158121;0.450717452791154;0.115440902402679;1.14986665560612;-1.02997386246605;0.560973804111819;1.15159239006163;0.321091573981224
0.67498866458486;0.757806351891974;-0.848318716697973;0.891393530735765;-0.384693301503163;0.745245728601845;0.967266778731747;0.450560442361864;-0.330885177680635;0.796897334598243;-0.415265672753435;-1.06339856494867;0.586830069554554;-0.128880854994281;0.874709770524935;0.806428313545425;-0.624702014477625;0.645779868058951;1.33798049919196;-0.906628370742367;0.461321907229074;-0.230560236872066;-0.95894939183399;0.73488580894499;1.05903152466647;1.06107922471034;-1.07118787697495;-0.233415069870741;0.543642668598403;-0.747439747010347;-0.963049487497933;-0.80237912836943;-0.991359191650477;-1.14464449291466;-0.734222905678047;-0.79438060147529;-0.932263300030024;1.24213521080534;-1.05275069391033;0.00241636551808635;-1.01387236519919;-0.238969492218036;-1.015847681056;-0.184788124831172;0.946290462130638;0.195573334380491;-0.41191674915139;-0.784356521893067;0.999091842433327;0.0996761048003042;0.401960523296659;-0.525858333891683;0.697381043378889;0.598415479280268;1.06337447902751;-0.405022290613687;0.352727848891669;-1.13065058116499;0.640869485907729;0.265646233611684;0.937403162680134;-0.494165117677696;0.844871014849519;-0.85695115482007;0.12385071887165;-0.600264621647866;-1.05287571291812;0.523133945797385;-1.18199128317927;0.125555983461229;0.919225378187548
-1.00203639936621;-0.406359770559016;-0.167001203440174;-0.715948074799787;-1.16671082593365;-1.09522340070803;0.222869022859123;-0.959142478493278;-0.459731923323083;-0.55662253101729;0.793042948749932;0.758340870506286;-0.659860918428392;0.249150888463109;0.974568072106739;-0.875001686683477;-0.419128396897816;-0.97737168769336;1.1030169615847;0.761512956405373;1.30202019051567;-0.639486345162638;0.485441479128482;0.459049577875577;0.253200110856405;-0.176208730367937;-1.14180630041779;0.992035707194753;-0.185432473897182;-0.366655300136607;0.901991569179721;1.30364924352603;-0.869803142246118;0.206070710137817;-0.83471931046403;0.795939464608142;-0.773040381590711;-0.0245060976124758;0.866013497560408;-0.902464801697613;0.765630124233457;0.88469747966385;-1.12815199847408;-0.798832432294404;0.828832131184028;0.296272309033613;0.691083086176423;-0.0474317318074481;1.00123395050885;1.01069373659757;-0.101541716598581;0.0731455800920187;-1.02937975558659;0.960356595204335;1.24071752981603;-0.911558663456248;0.915714261537687;0.724083393184459;-0.0147020095283334;0.0631712740122266;-0.875557951853485;0.382233295082483;0.742705580241608;1.22381132511242;-0.0663909477312075;-0.979987827976014;-0.321636263714366;-0.272989987391461;-0.953878362310454;0.934006236266935;-1.03131594110274
1.21381634608599;-0.297932185892964;1.325508857487;0.976115067493862;-0.445735835664002;-0.854955511261544;-0.484778342589666;0.543205921507394;1.38054980039;1.05669077090851;1.00463620378195;-1.18868018102734;0.188502173660897;1.40668574574976;-0.694666256523258;1.06618718011087;-0.92480489505056;0.443797724466518;-0.147150013452392;-1.27606877254991;0.0328553912981923;0.756910162866953;-1.28183241623495;-1.7357854548246;-0.627345132662018;-1.0434053461921;-0.0151203952016202;0.358828927591146;0.719150361326264;-0.805421664188436;0.18908893634211;-1.14823321536585;0.635326884819377;1.14029525041617;0.276328024987822;-0.269329786962114;0.257533694842386;-0.505661889737471;0.455005411746129;-1.00089207865136;-0.409975254525895;0.463167208322945;0.354383438258671;-0.942456934500575;-0.123343194596855;0.386815145453287;-0.845165252527351;-1.08756233906392;-0.744945167706663;-0.40814700985945;-1.161507541683;-0.0887140302718161;-0.394218620794609;0.505273352935793;0.389867654222657;-0.62966651517335;-0.627296526706574;-0.0905062494228242;-0.121452154179834;0.92885674731405;0.634530462946215;1.22324826641046;1.10647149678125;1.00710811688867;-0.777069970298207;0.510868760532539;-0.71748649215766;1.0665330709564;-0.494716248764261;-1.41867606373495;-1.23303147885792
-0.904810936839028;-1.2772969773235;-1.22195655156505;0.589512902294722;0.244359075582324;0.0606612882548162;-0.874320279832536;0.817131452468055;0.317473991135345;-1.00842805263974;-0.409430510204068;-0.669912875777526;0.109971592363929;0.975660121287454;1.21043630036136;1.11745170351629;-0.771684711947894;-1.15772461621483;-0.12927657750307;-1.07275039985003;0.868077550191016;0.51380546722558;1.08950555186093;0.0355821831440227;-0.0960899349992718;0.821812780372133;0.778284000341378;1.14748840248585;0.82692784145624;0.0547785489284225;-0.148962496167051;0.716863129102318;-1.09650262611545;-0.83300957915915;-0.944295388380142;0.308161178137107;0.888467377831297;-1.30366618067694;-0.956819928638859;0.396333937125449;0.911009405765112;1.06514454434828;1.09612564080876;1.02772692697056;-0.592554934889014;0.311576116198571;-0.255109920504962;0.871808411542946;-0.961312013775637;0.347304071090228;-0.716788986286491;0.435362898662996;0.69407861578187;-0.839292359388982;0.00356270250884842;-0.349060143737979;-1.1243076265466;0.899542558868977;-0.797842561771393;0.315126649473009;0.745410312917705;-0.44230444812694;-1.15186246196913;-1.09306363316299;0.476918872558686;0.324773494565167;-0.89060052217404;-0.00685445530911623;0.971396230890558;-0.159069773072161;1.07056647125553
-0.987700687188436;-1.06013148144829;-0.736601926023315;-0.658799618313847;1.08717838805424;0.917435484700329;-1.04308346202145;-1.30257056532326;1.27692633566749;0.459335308826467;1.09746050639022;0.509770422018421;-0.987430319767115;-0.411575232849101;0.743703863068941;-0.966499362574531;-0.997007494474037;0.0491309419344798;0.729342603500382;-0.564880088263855;-0.824760885492226;0.601979721086917;0.0190477098949915;0.869045953123542;0.521782529111253;1.08395902494195;1.14294026184516;-0.887222682891659;0.301197158351504;0.136063938846054;1.29619494611265;-0.991407326310013;0.681562318739095;0.291508284045154;-1.12190554606575;0.11592815226149;0.592071268617963;1.08413224306013;-0.247471135670436;0.430522729367791;-0.912475702276821;0.0999462115704067;-0.216498410484957;-1.0519946892283;0.722749862407058;0.436056728942437;1.05026195811329;0.756659456639509;0.83381291341144;0.203892247195523;0.81799987756335;0.969633078091017;-0.571665758064222;-1.22357229376325;0.778776080430473;-0.802883858394236;0.356340439290865;-1.21827252103903;-0.518693309584711;-0.880856247616798;1.14156445144704;0.916874578398586;-0.114931563161839;-0.678467833151269;0.527305281207601;0.335615531491193;0.913686958963042;0.0666357316799239;-1.03054781818832;-0.911613857759765;-0.463078384088214
-0.823085852877218;-1.01408090061323;-1.004026409348;-0.752144462443954;0.544747300551568;-0.472416473274923;-0.075104953148884;0.947718887623345;-0.962427610946435;-0.937914335260812;-0.990246288277859;-0.513534838152083;-0.975229382644486;0.257221100717152;1.07298656474517;-0.971971603673769;0.98926254629792;0.973424122865704;0.96156258321508;1.01128143116736;0.283236416435766;-0.00754926491755298;-0.0686120424475471;0.806527559444973;-0.711247404095368;-0.990724337361314;-0.997890426667618;-0.663597531380093;-0.488159176661488;0.984298613610247;-0.705711329681865;0.339375121684541;0.597643916610235;-1.01243222896198;0.730656194037254;1.01640584087283;-0.991955154028827;1.00243465964533;-1.045331013851;1.1094915461909;-0.978258541883056;-1.01095626562339;-0.159705233937745;-0.994946012663007;0.992591671695606;0.30368035555049;-0.558696587165645;0.816302850153927;1.0487111032152;0.0322708404110413;0.921101955057249;0.871550287510581;-0.385855151350589;-0.52206345229036;1.03602699588226;0.834635523662954;0.312426444175303;-0.553190747149549;1.00313260359212;0.172892219745261;-0.796867488125848;-0.948211502602054;0.546650116840556;-0.999679008738331;1.01544650028317;-0.031214628066207;0.458120255139571;-1.01705183221562;0.975743605803412;1.01835823639967;-1.01456510560856
-0.858950082164614;0.874206825905632;0.954097629760215;0.727202403871546;-0.291527100428795;-1.02157086961442;-0.371958277139336;0.861437932084424;0.728785807864283;1.14248485618902;-0.433396922542609;-0.848393802741886;0.832853553698293;-0.808290670737959;-0.216532046138187;-0.865840165463416;-0.431908848425429;-1.01411620268546;1.06544553650683;-0.689912795615931;0.53947302178093;0.832497142351538;0.0343241488196669;0.799007939654884;1.04715249955891;0.0890935829005371;-0.658399983204186;-1.02398463250174;-0.378060253117515;1.19551780393193;-0.671912299406398;0.91328598160869;0.86399588974528;-0.378705030762922;1.07047843341098;1.15794283467997;-0.717515478522934;0.331475305709523;-0.425753064375332;0.443073254188947;-0.780764268171224;0.00227559780143682;-0.850293711746488;0.315799828948417;1.06124769111536;1.16942412636236;1.04422128208261;-1.12277342425593;-1.03730275476046;-1.14777380342258;-0.807735444856703;0.591631261626184;1.16081344282309;-0.0607651000830968;-0.521812090933844;-1.13599692385029;-1.33389220891167;-1.16008827657053;0.35702125191581;1.16775897799652;0.83074303284985;-0.701366806881033;-0.845748674168883;0.718411802845633;0.186292024163057;-0.109194495773616;-0.304339953940859;-0.350121478895554;-0.882921131015261;-0.149476112558677;0.990431397608407
1.05761483266823;1.11532137290451;-0.733932668122437;-1.01328593869375;-1.01839276713841;0.114050631461479;1.20269156478345;1.11409580058468;-1.1413819315775;0.8746193092228;-0.900947869846034;0.827014700157876;-0.935736040774354;0.647727307187974;0.0701915424025441;-0.899524431687839;0.0628640040016929;1.07735061855015;0.210812169044941;0.984298627970941;-0.922436703433449;0.939692743998335;0.210967172193999;1.00055653707789;1.04762308545241;-0.863504432224252;-0.0374840169457281;-1.11273105548706;-0.446542315605398;-0.210953275723913;-0.833896273442773;0.953747069904629;1.10179896999777;-0.278485924011112;0.00906833446612678;0.927527090735683;0.0439374083955612;-0.705806415122062;-0.756170447300538;0.670124085381901;-0.433208266708206;-0.960256733954408;0.352298202018136;-1.20753556770869;0.114819061944275;-0.610524017131752;-0.90489118152819;-1.02028213621116;-1.03136882916693;-0.328961022254792;1.09793332962365;0.0278006580947097;0.539307405865886;0.866882408540357;0.192353782147034;0.903598665309847;-1.07126985374879;-0.323293717978815;-0.726046548611541;-0.870755823556383;-1.05291790528926;1.02671662118756;0.383122591677992;0.805572347002443;-0.0610063616615303;-0.462936639548418;-0.895960361437669;0.994687795318797;-0.954656492050526;0.35346535383569;0.0847946661733823
-0.980110812018346;0.427972368187099;1.06654238145215;0.171433992119244;-0.890803916763309;-1.216598086282;-0.679500029078439;-0.279409482605128;1.08998670004872;-0.926536415481327;-0.196428354039287;-0.796081394451095;1.03081864036521;0.418172773542182;0.751494981041854;-1.0572029910935;-1.10350682869761;1.09727576431023;0.743845613047453;0.563390558407228;-1.25124129718986;-1.08534353639817;-0.635246115378168;0.706368256860452;-0.0314955306566925;0.26949900692336;1.07320478093338;0.447445112165475;-1.20172470140516;-0.885908291218672;-0.424699613339566;0.964534408404321;-0.390921690940648;-1.0456629055447;0.554061856321331;0.381247027824354;1.32953217998504;-0.248285676840008;0.169895723977924;0.598566455482055;0.852126699542094;1.48753700938582;0.0797390709919426;0.878910126915507;0.0107617614436252;0.237715304761741;0.96044576740289;-0.85684104477634;0.566169214324768;-0.487366968489763;-1.4381749944931;-0.999057855331208;0.788686643841562;0.619552347796935;-0.894122272403227;-1.32824342584198;-0.0924120013915741;-1.47663327496949;0.261841670011921;0.0517946888415846;-0.299261569488002;1.11702222467521;-0.331344703288341;0.446229476674217;0.903171593248145;0.224489651840467;0.666117575242649;0.748724868433812;0.892065611648793;-0.690495071958932;-1.214286115002
0.74379959239991;-1.15105835438651;0.938236410894692;1.2596752990877;-0.97764936317644;-0.326584824638356;-1.06164782015073;0.984775478011628;0.956803257226133;0.77702640473567;-0.105847765631743;1.20226786595921;1.15224361005966;-0.909230730913154;-1.20130909143429;-1.13149580472801;-0.167997630441436;0.714171410029658;0.119071956982349;-0.884565674238125;0.486848204128658;-0.460866106296697;-0.802036087311041;-0.949325443763711;0.794859886147877;0.370809206376855;0.854373901026989;-0.995737296860967;-1.04197396613135;0.814626266828411;1.08672353175385;-0.150628175047845;0.239220683078832;0.900444680874562;-0.959740470128694;0.67082300406187;1.01393469637865;0.983375339478392;1.09303015878161;0.260076461124807;-0.910677695603461;-0.990251548201939;0.740825579929089;0.498859048878316;0.539337113244673;0.85578820034368;-0.984228793157633;0.327579217126013;0.241097564621977;-0.81541595883901;-1.19303638462787;-0.921706982317998;-0.973416642252308;0.636389427388166;0.388507232750983;-0.321991317583513;-0.980720989112388;0.185681443680839;-0.97961385308872;0.141083732608315;0.116488870508267;-1.16557465485608;0.807102867494897;0.985688377963524;0.764869923480705;-1.02118027975226;-0.598757618999815;-0.932260946439663;0.648732934319287;-0.232068832791526;-0.28430225397964
-0.273830301596491;0.698411540049323;1.06356242384592;1.56607157258377;-0.59542242958445;-0.685070331631011;-0.18548597871801;-0.0562858605630537;-1.09994004928952;-0.691317860267028;-0.983783285742617;0.40784964209028;1.2449668483544;0.763982864893355;0.826550157712623;-0.884834757855911;0.953242194494353;-0.860395163435936;0.834828269361512;0.486479076613124;-0.752232520004393;1.13995253655474;-0.0740792090368971;-0.959858436248279;-0.786677564035869;0.0195964068191132;0.740367872068283;0.771233802077196;0.913660041038229;-0.3273327525602;-0.88062899688175;1.15854303954522;-0.766955296574162;0.795354036062676;0.500989522473838;-1.08176977893695;-0.790215055310375;0.882453557792298;-0.541620057077772;-1.08979210637006;0.719004140221042;-0.843284243958066;0.523507744553273;-0.928673487830914;-1.66943049795727;-0.331323352409763;0.814521331419726;-0.577357315507314;-0.913739811319071;0.977756529789201;-0.0598086521372843;1.28158987505705;0.794685472336902;0.83950085100805;-0.847639862051703;-0.237359725003611;-0.462481616076111;1.1790210425646;0.430856331741461;0.944922839100655;-0.257509186456018;0.10382639759184;0.751323875422415;0.35642979262174;-1.53658838673872;-0.365776787078947;-0.51253563050431;-0.827539959532184;-1.2181852934999;0.209123640910028;-1.02518967510112
1.04050506394763;1.17458680293427;0.841536835966285;0.923627457854216;-0.821651979678621;-0.929649419626727;-1.07111914783884;0.901920240371689;0.915497253487793;0.497825914746841;0.468395073120865;0.646135560560778;0.966807012083388;0.92109205254767;-0.952571649210483;0.995380277888455;-0.825500667473854;-0.187329260876987;-1.13619571035137;0.794509977265097;-0.305561565235774;-0.934754246026454;-0.543326342402486;-0.617586285157644;-0.947201357975905;-0.570556277163441;-0.691929329493624;0.957270066530182;0.60968955450524;-1.10427402065195;0.465652315502091;-1.07636728495342;-0.427041833761963;0.551652775348017;0.18593367999196;1.3874967952275;-0.765945528925415;0.916904104000885;-0.856079222703791;-0.220191112959492;-1.1310894460652;0.630636710507513;0.613937928278243;-0.815458506522658;0.659275423130048;0.7644975351794;0.527219698616391;0.551459304538286;0.959418863756756;0.353837018067523;-1.21077391697772;-0.271588672063947;1.1105425175378;0.480371237692013;0.157999301676596;0.436426325878247;0.340718259407539;-1.05546267280377;0.443238965093417;-0.0435092154537482;0.321603382153552;-0.893351568590359;-0.914352183109982;1.01372828159695;0.996371856067702;0.0452773856508234;-0.877888546608382;-0.86264987180304;-0.871137298170101;-1.07217308998304;0.110213482060638
-0.393672143053726;-0.256838458777335;0.476890332227181;0.107487143939298;0.0341966904421946;0.378848313338632;-0.789896456407794;0.667501089303433;-0.708667082819453;1.0103870453071;0.426333000082144;1.00581225931484;-1.01531094015057;0.739191071488116;-0.813770132218655;-0.851687405194144;0.692062089510975;-1.13943330340683;0.536627103949673;-0.532043843709622;1.17763492755333;-0.532612680405254;0.0850996498644311;1.1361119102398;-0.996413469552458;0.99770215866279;1.07868546871562;-0.509597758949119;-1.00757681834706;0.293152795416076;0.0716989690944682;-0.221343812409026;0.571256079681263;1.03563151521738;0.584494073668513;-0.842004903934214;-0.409088485452519;-1.38261907019079;-1.2399438131917;-0.729985317586042;-0.173102397598071;-0.164894053951463;-0.0610757031344553;1.02635029063886;-0.695185624408773;-0.695085303901424;1.0782657876616;0.949953046294003;0.733239581560232;0.143354978276573;0.632250263355312;-1.09804285493225;-0.315788883586848;1.09928302011047;1.01331889235103;-0.68361416793129;1.36428235417068;1.44309678178678;0.17353338901046;0.424982903672285;0.546784110866999;-1.14303775994628;0.0477660390274948;0.547938904751885;-0.836540064926285;-1.21997255422214;-0.720709931496398;-0.940729672924336;-0.539933171760387;-1.04947307060305;0.975102506125907
-0.354990312778182;-1.23591823506003;0.203416709837335;1.29817579669321;-0.678803099661076;0.566860435469832;0.841212198446528;0.819128028905479;0.824534198362585;0.864173771555002;-1.06889707684791;-0.991326851534348;0.286354263626841;0.847165918566364;-0.302017111595406;-0.907098251243088;0.593599445997778;-0.483969397939968;-0.00637255726661675;-0.908786053187104;0.235008024346398;0.285738909229614;-0.645177189813772;0.588868923855718;-0.654791362116421;1.2183474060772;0.54149709063522;0.213866875252856;1.07600031809686;1.09861039536668;0.782921826898186;-0.0483872579029918;0.346375071752555;0.668808152440387;-0.916767296720741;-1.23990074269841;-0.120017629687864;-0.920006834195354;-0.301800751577764;-0.991576280609557;-0.822354928470927;1.07871370452878;-0.0583986401418991;0.069045081147489;-0.519677454962726;0.578437002604232;1.00912210895864;0.403750433063532;0.590079916351033;-0.979367635699489;-0.112237752133983;-0.986479001953876;0.34838846854211;1.067338305142;-1.03207261725704;-0.135252748971047;-0.0396627273093508;1.07637432000153;-0.113019606562383;-0.193610702330461;-1.18381054189554;0.895259525415941;1.01272235599279;0.942192876712664;-1.31470166025355;-0.324871796676603;0.647790172751394;1.05811149032085;0.90177805573417;-0.558723455435781;-0.550672453070206
0.256063024797876;0.713935966751702;-0.355382734598194;1.150467690232;0.208829811414303;-1.37996322514282;0.267449635729151;-0.990164215994133;0.865704834972058;0.876310115605581;-0.984055734373262;1.05745238742288;0.875511372663628;-0.0608264377388381;0.215521784725944;0.581285082130265;0.558233497828194;1.03794860357556;0.00619032968788558;-0.512466521907517;0.700630026345604;0.454342125071854;1.16225002702047;-0.76771246982154;-0.912712273709969;-0.773960597575012;0.850300036940991;-0.281238958091834;0.822383572704291;1.08790801338116;-0.744658958509576;1.13360261781254;-0.503387738767606;0.701658867977859;-0.964078016694152;-1.58126541323427;-0.296596065681356;-0.499774921267867;-0.111615989495516;0.603463489959394;0.880885347097155;1.3270950658908;0.835640622191717;-0.153001987214901;-1.10093446962894;-1.19321795570327;-1.08299801745192;0.470249913868535;0.0573247778092584;0.68681333260655;-1.18002839403042;-0.746652912406086;0.216385825825038;-1.03888742753069;0.146755167521631;1.06076333986272;0.57201981084648;-1.06668200009804;0.41991313167639;0.339375683273292;-0.859392823104188;-1.24850804751643;-0.487717547677425;1.10403945908904;0.893951714125917;-0.0641020233146434;0.0309709251018073;-1.11256666574936;-0.748841661940171;0.299258212976366;-0.13284100699614
0.625743374768978;-0.99672073031627;-0.0315363771677348;-0.329342206559865;-0.726643787055874;1.06936435211824;0.22135730899991;-1.04011479889634;-0.865497299673339;1.20746422474594;-0.861338499793687;-1.25548656971533;-0.823554108901033;1.1743174571194;0.978047300144035;-0.503909988257623;-0.343576937253161;-1.31405843304792;-0.862692626904245;0.158497808461851;-1.17949698925013;-0.185301256603475;0.454699181214373;-0.0777170646977849;0.966134467777851;0.0455536656263715;1.14259917822274;0.311209066709608;0.876641531874289;0.386380816995077;-0.874560887071618;-0.52504147510762;0.965661920627787;-0.371447675509593;0.17865835270529;-0.721155108279639;0.620382159602624;0.386275957078621;0.19162576835094;-0.861214156102276;-0.660439987750086;-0.420982299780593;0.243916702901309;0.623775706246307;-0.631176884317263;1.22287545723385;1.20609355287283;-1.27742027762294;-1.19251838534096;-1.20810663330813;-0.529494489623053;0.692474596031722;-0.877127620327096;1.20208733769956;-0.24305074232231;-1.02858638564676;-0.774994203965947;-1.09745812159479;0.595971451831413;0.503230778970795;1.13255297235128;-0.513971129271252;-0.497623653872118;0.41305879976295;1.355480707256;0.948392361415077;-0.764906723395179;1.00072816544953;-0.321784926853368;0.612036319567676;-0.625390543180056
0.560081001655177;0.177405542190317;0.904195946952429;-0.612507416014168;0.469704955973315;0.922184523618183;-0.760032983826834;-0.556216224296355;0.694994958241145;-0.216855841225905;0.987258067551988;-0.382936889154092;0.147739298445361;-0.490587331172324;-0.770869994799063;-0.995365759870232;-0.875163678411238;1.06728920619284;-0.543452503348918;0.997500822266167;0.965606443359989;1.00941893404298;1.01082165168295;-0.853940965345126;-0.964062869270847;1.09118536730413;0.902634965763492;-0.96956682735503;-0.711350259930784;0.907518987787635;0.861128009922674;0.624808217776231;-0.311892823847541;1.02543630336373;-0.161756300615616;-1.00280987641743;-1.10319727751009;-0.0257808512665079;0.646914248555068;-1.14996564042709;1.11665093257678;0.752678311507586;1.01135572409868;-1.03312275407891;-0.978435519501612;0.375536268806298;0.719672416790439;-0.857723474137006;-0.434708425456387;0.326200463432947;-0.827584649280446;-0.956703361479731;0.896547054589818;0.601726864036288;-0.748543784238584;0.702839547117345;0.258475649533195;1.00265116005169;-0.84388347681692;0.727467805922739;-1.09018053069182;-0.889736115636959;-1.06741408206201;0.950779421369505;-0.108171467556776;-0.995419479986022;-1.0046380440482;0.479518331818345;1.01946326906575;-0.93076912057994;1.25354115738642
0.16084805208243;-0.817387258325537;-1.00723302031817;-1.15051425071835;-0.853288932851579;-1.27353556518854;0.794395930834428;-0.970030526650603;0.270259207539584;-0.717739915810882;0.500343087231318;0.179720573977673;0.35930441914163;0.897545507627783;1.00239627049809;1.10172176591693;0.923179625972491;0.234809549312943;1.26919562429595;0.485386460752355;-0.206182825781239;-0.421883342786861;0.784008341075725;-1.12834959868569;0.7486434819905;1.05265781664959;0.988531297690239;0.160719466416668;0.956699896596829;0.579571461721642;-1.00241260421324;-0.463178651084667;-0.543806415174308;1.08138997015484;0.427286423630707;-0.894475896149005;0.782940428412838;1.05596464744489;-0.84745936723329;0.62669336493823;0.90821062856584;1.07585862660449;0.604561680867589;0.000420912989989473;0.494083200283819;0.7788624436514;-0.0170454467924652;-0.828805380242914;0.58210050451414;-0.824925225120574;-0.585500552896414;-1.0569986022577;-1.05365489938102;-0.228565715723073;-0.0963551157816317;-0.991769371822251;-1.19087986965789;-1.32289713038503;-0.571454346512264;-0.223661240764569;-0.743897808177912;-0.133350756956092;-0.991085591128095;0.919844302441553;-0.637205154008386;-0.733209812804285;-0.410230482936408;0.976376106201172;-0.898052967415479;0.768338846900726;0.886932462213248
-0.831464038236032;-0.434916088956244;-1.21673242815678;0.556496448285822;1.00542294651815;1.26054504977506;-0.382494155048107;0.198640017976883;-0.944455763831724;-0.521999331246235;0.806583788963566;0.796958131984302;0.445060969963316;-0.354185800796353;1.18760143723354;-0.768923718929226;0.92198903092882;-0.606965463361214;0.0505164920542716;0.862673870510722;0.773401355885787;-0.603791579407706;0.816406653626547;0.0686847327680019;-0.456776764569025;0.509629477977148;0.903600347409516;0.112825836237397;-0.452758603169024;-0.437989479607996;0.676425502439262;-1.1343794578524;0.948934809482524;-0.195139229949865;-0.78853649967565;1.14067202304987;-0.928358811681763;0.0262723328907589;0.922765886574543;-0.257109190330261;0.759731175914047;0.410909086566859;-0.588746315873376;-0.98874307429178;0.606144706239707;-0.325256227493253;0.0870206885103095;0.446634944368506;-1.08827494760582;1.15279091266976;0.275505117110374;-0.126063504661904;0.340901048615911;1.16326293810404;-1.02839579781348;1.00591162247899;0.513319345204101;0.70050285959841;0.141109663107955;-0.97357715232366;-1.06218362767754;-0.71134082155392;-1.1831973383393;1.02247924528293;0.947383780258484;0.117180769924442;-1.01864242643303;-0.855045693232084;-0.869311123408401;-0.909119088257679;-1.10652121512879
-0.454605062929127;0.288931620998453;-0.92789859397775;-1.16016151826667;-0.849746096657265;-1.08806971989345;0.434785359298502;0.982337187015774;1.06657898271575;-0.688068006291935;-0.84057702236394;-1.26321701994826;-0.660934284716504;0.981786228937352;-0.736541501570174;0.303417088091039;0.887805106113174;-1.10575308401888;0.084159199612598;-1.01301710388823;-0.651824315295223;0.961164122451396;0.353238545247275;-1.05032587514367;0.255098175957598;-0.558503951147206;-0.0456420965175242;-0.308347735227769;-1.0112228440233;-0.581690454355517;-0.976934542291869;0.0833931339728422;-0.975474049117669;0.976588889990973;-0.997932767468695;1.18008053976617;-0.40007914733348;0.422541444744415;0.980324666028305;0.719637657838451;0.887402965330639;0.890747523658924;0.438833333328667;0.96871557286601;-0.553759079582938;0.933266245469722;0.989816219144609;0.737724456093498;0.0142669036770269;0.804163312442578;-0.9636356074611;-1.23204708196493;0.13225783841511;1.05222729056304;1.17148888463701;-0.174754503499483;0.755145357457434;0.805260027804543;0.383369431036752;1.0299817109354;0.403864579613138;-0.320588128652938;0.878749218202326;0.412890021743639;1.51101731825569;0.0779262257029014;-0.949890743154679;-0.0107345785562438;0.980452153799861;-1.10481120091406;-1.18041686706842
-0.386927642644849;-1.01913568945357;0.812347085744421;0.14902358031863;0.232442937840913;-0.814286252624242;0.702932352931759;-0.911789024317723;0.770162114928268;0.0777183751635372;0.181292590221193;1.25768813157031;-0.835150506498252;-0.707215024863164;-1.08509598220576;0.856073200555901;-1.1693647215062;0.937107741660943;0.821010715639009;-0.940123348667829;-0.171948405835674;1.09064309392566;-0.787972741417622;-0.994272507552897;-0.401048783395469;-1.15909416540487;0.909908452167509;0.837139922595629;0.174048398776243;0.631967172650734;-0.696213953413339;-0.880393791625864;-0.404592917239099;0.596462042560274;0.561643139610187;0.816744380183335;1.08642156897045;0.343395718006133;-0.624532071307744;-0.966263976574242;0.737870693638741;1.03387464004099;0.779695056436487;-0.544007271848019;-1.33486324955633;-0.399580447141584;0.314537309183887;-0.257592771696603;1.10127105628214;0.362844199594664;-1.2937282019206;0.208239363059475;-1.01400548898446;0.875013062015629;0.855843719767897;-0.203853729891291;-1.0549182779601;0.522882256603153;0.796499240676754;-0.0767845572512185;-0.70755034629198;-0.947494667515113;0.856076199263236;-0.809380655618684;-0.85662886496566;-0.081527586667201;-0.0770695048114645;-0.0365377844998573;0.208747906077947;-0.242411371932202;-1.11515531792415
-0.0828907629353868;0.652912715398198;-0.169806587330978;-0.589986167000369;0.76604953342219;0.769543020939525;0.881161862498995;-0.958120399039022;-1.16589867307106;-0.589108264836409;0.342114670245698;-1.17878061680969;-0.959504053613802;0.251475373216428;0.659976454039062;0.900158852651383;-0.472919481704783;0.812381006262617;-0.884377654211303;0.276033666035138;1.13185175605527;-0.0626668192286961;0.691596112327881;0.583154715421878;0.832939563939517;-1.0585029014184;0.924061437052228;-1.20415504384834;0.125230172507397;0.998458747998787;-0.920458588012878;0.781889552330234;-0.55431989893022;-0.917549638828735;0.231181017471947;1.11556694108685;0.402387250221866;0.41001558664709;1.0724270250783;0.0409626089846346;-0.648089022137491;0.325952460491695;0.844221961199057;-1.02934221400786;0.438816261935928;-1.05274478473965;0.268496540789021;-0.227904459954641;0.0397085609188486;-0.355015158892986;-0.963639999962396;-0.261563491771395;-0.486948612336818;0.915716634295124;-0.894018522847631;-1.18680493221937;0.787536480082019;0.352669960263889;-0.0474997632569263;0.366060749149637;-1.08625210789598;0.884772003844351;-0.0983492986008698;-0.930352476779421;-1.06057808982802;1.01975039075565;0.537124209932191;0.700469175041631;0.933890521978597;0.763335358786806;-1.01085961564757
0.688048816609917;-0.75256864210705;0.704816633189263;-1.08924450508576;-0.996083073711373;0.140761548912662;0.180255222066998;-0.814602913124797;0.924225097507154;-0.379361717139297;-0.314843871275985;0.0760217196686933;-0.783688284760824;0.571267308461194;1.06982236858772;-0.359355075997196;0.186478109262125;-0.547671745755059;0.346892906161183;1.17680190090297;1.19842747457963;-1.14604813760709;-0.859294293324234;0.387899750392376;0.137421311456604;-0.795547030100246;0.862099877203192;1.29854033543428;1.09779903831352;-0.871468666540373;0.732913008532866;0.0802577120943141;0.630517101156358;-0.877506871451769;-0.448269506187369;-0.726672563004623;1.06541935990365;0.369204588796235;1.08135729548566;0.12148589992;-0.114476755917752;0.35210603433464;0.944393744224837;-1.1442023070848;0.0518802069470242;-0.568855044851058;0.0697706140208237;-0.839328798449636;0.0574076810924995;-0.0412099648355375;-1.27007655773728;1.23557938159223;-0.466808861802263;-1.26263077162662;-0.854418288652021;0.601287386169758;1.00551671301727;-0.645686233789337;0.427381575898094;-0.514779510929117;0.862418632863958;0.0946368796095985;-0.817460211699006;-0.184509092027999;-0.183508271825432;0.941253483457592;1.02026282591709;0.877367995883052;-0.591967752494016;-0.680887491444948;0.41264184346785
0.830318179129603;-0.950591696418626;-1.02114619006603;-0.258462338746506;-0.659422675504731;-0.511963646114587;-0.957722240251319;1.19615442113438;-0.817658591960999;0.00146681555586228;0.326461926691013;0.0303615807917391;-0.241445233259666;-1.17140588122758;-0.864778550447041;-1.13911132282683;0.0468654427552483;-0.897261366892354;0.904446763265754;0.863231124533878;1.06874686332234;1.14739102674932;0.518139004178037;1.14103880667127;0.86476809732733;-0.352933993646375;-0.824968101713849;0.932638054725716;0.53402755103248;-0.359351611506152;0.813939643852003;1.15552094749781;-0.808445542057997;0.857199850189183;-0.872407533362273;0.376629802869769;-0.590122866147103;0.473126871704686;1.13823859114697;-0.647438798676201;0.659883671294256;-0.891979649294555;-0.644676797481902;0.861653177875683;-0.928286551186324;-1.03545109504083;0.857765390246119;-0.65495251786687;-0.420377409914211;0.895308608567672;-0.36545869506313;0.635113157114522;0.181413833962053;0.424979377647648;1.10668478305293;-0.94820250740209;-0.00691936299181708;-0.591644676285158;0.61939888949119;0.893310603723417;-1.08518325504468;-0.922374503015055;-0.427758989764903;1.08768301345091;0.722505682257012;0.863891609536901;-0.835311562959402;0.0449880762374835;-1.12875944743905;0.162253597106286;0.916626462856704
0.983183269022822;-0.864059136299469;0.219706921165269;0.942975679468595;0.630754776262354;0.157525770780045;0.779365710043431;0.999982312536312;0.411573394689593;0.241134986485136;-1.02945339307943;-0.195029321060473;0.697483205537947;-0.786194324509178;-1.21604736376147;-0.850596697439383;0.468232846830554;-0.675173051833802;-0.609942299429648;-0.977467455779796;-1.12172547696706;1.04872332368206;0.96790152437759;-0.926599203879868;-0.191321762218817;0.889306280548925;-0.303149757142459;-1.10136266422784;-0.896635081426084;1.1004216062674;-0.571601753628935;-0.66917292620306;0.978417587979164;-0.995043978707407;0.064882832770803;-0.568051492033904;-0.984290532457516;0.637286996218907;-1.0442208306776;-0.38678193420725;0.71955073110767;-0.0114615510736623;-0.96734598015957;-0.485291243590211;0.99373951540666;1.18828963241819;0.740185162788849;0.96007844405992;0.284644019773366;-0.14769284442271;0.68681459041921;-0.356799309464006;0.993856774873533;-0.0671041715137457;0.843470243809605;1.22849875638039;-1.00025829126762;-0.940881472869668;-0.155279824115721;-0.81334279679655;-0.857851747012182;0.88440128006249;0.328369808451243;0.829960734110935;-0.899574840208978;1.20126672865679;0.64208062958693;0.193302126914444;0.204803831379846;1.12802419434453;-0.749717376362952
0.985516664178575;-0.983334937437338;0.933931247720897;-0.0237024960175851;0.195773924919129;0.948317092356829;0.362842649547143;-0.792686707661787;0.539802144276914;0.923848511611316;0.166463616941447;-0.136654056684734;0.908350978132336;-0.988154544170087;0.96368643263187;-0.163744692948101;-0.634318383938711;-0.310395516193862;0.440284815743798;-0.998546514539372;1.01990201763972;-1.07876652430874;-0.990550681466521;-0.955069503758283;0.958726974023537;1.16127830112789;-0.57503379700991;-0.990962752828009;-0.962975984777895;-1.0267428343573;-1.00575696668356;-0.587817000866691;0.977582844511638;-0.591505821633495;0.755658215725436;-0.574145485824801;-1.08584203397756;0.969875662513958;-0.936863004102114;0.972054047399354;0.758076547466287;-1.00867446230168;0.980775248149361;-1.13619991425235;0.470196084079544;-0.214587443656566;1.02616292668139;0.227235503823915;-0.977479106837312;-0.575613996872428;-0.548775371473683;-0.944757917336344;0.972019999432772;0.336590050621288;-0.530653780551032;0.900531633996195;0.915274654827322;0.347480903265916;0.624448761811203;0.754480459389314;0.288624611900631;-0.182422643146899;-0.999365547395687;0.0339544111121185;0.909449327922928;-0.997231537450584;0.820147383120815;-0.350903417360367;-0.244985724323288;0.351313442937799;-0.445876826140712
-0.423987766146857;-0.9188760245195;0.483545252299888;-0.081967492780596;1.10619601053733;-0.313754936205939;-1.07124593756258;0.0416436694136751;-0.159052366384692;-0.925878611355303;1.09327843405665;0.998832389909084;0.904437581299448;0.949895296353518;1.13654109003161;-0.290140340429359;-1.02385952991137;0.818991533156721;0.758388302742796;-0.163049061803834;0.1269523706095;-0.507270348907934;0.191245343426279;-0.120240394480565;-0.635357377853078;-1.18276168540559;-0.451183347197287;-0.818519303460245;-0.20088586636302;0.813037304556475;0.0125627803308517;-1.05001494541448;0.489974291087273;-0.96246418380171;-0.962653137802048;1.19527179944586;-0.34981660799901;-0.999275337782717;0.323006923711971;0.125957147957902;0.869242857729721;-0.924541466513466;-0.451061002366606;0.567079504624324;1.09697916385881;-0.0534590287762707;-0.982812281573634;0.741466765336251;0.836880019583991;1.23041944390537;0.250345416343422;-0.261252780753989;0.246457681596138;-0.90306927354706;1.04641534045336;-1.02708532675222;0.759016439053124;-0.974380058111506;-0.807774861180732;0.859025517805427;-1.03695529008757;1.04026399939663;-1.0108638023445;0.708072555336624;0.611027983156559;0.619029218493696;-0.776421851862849;0.910037539260399;1.05433903385572;-0.941843945707414;-1.20489251724365
-0.7925996733893;-0.520363911439058;-0.369288257928763;-0.184986782883746;-0.021017756434666;1.19365475916343;1.19610023872116;0.250128716496698;0.799286255542592;0.998272516536485;0.236341560354798;-0.707334755952611;0.00590152775703732;-1.06619949677025;-1.05918406244296;0.366524921723576;-0.0139904586700742;-1.06982393444799;-1.31026944776049;-1.05692024497142;-1.07609059078383;1.09115407557692;1.04371153807339;-0.157497346225193;-0.660210528448815;0.951454606689892;0.440584486603975;0.841665611505495;-1.05974370806676;-0.810218648306588;-0.856584266140117;0.725052518573498;0.89741550844149;1.12004332772072;-0.228233357688652;-0.806655021893898;-0.861084605395327;0.114292638466244;-0.713187956524087;-1.16230000841183;0.772580622936057;0.049925741995945;-0.0751612081433007;1.11385018981996;-0.316551772242838;-0.357096954768667;-0.0428242497710974;-0.0215876002201779;0.233213434373795;-0.800378509530452;0.937706239997357;0.166612682824761;0.789235741544916;0.807967238944932;0.809351736792319;-0.928878088373722;0.41617356432248;1.1771084150557;-0.0890839845511175;-0.380289841243633;-0.686164703329574;0.786593797564869;-0.161631485825038;-0.447991064849108;-0.000719041945858388;0.441959936136458;-0.232329041576111;0.752746499586042;0.759877839726723;0.986298623858368;-0.0184554351742041
1.23749424457324;1.48496390901073;-0.777814153441909;-0.405576798607082;0.373377225055436;-0.413433589123993;1.01770258305844;-1.05780871744871;0.347296566286013;0.0956452788238298;-0.7486669840904;-0.991978712551342;-1.21703501458122;-0.139089744559144;0.432208141393627;-0.793467776848901;-1.09278362334789;0.882632554159601;-0.826097536294302;-0.513623197536501;-1.18284233774199;-0.984746087743927;0.675987973240918;0.100498428026478;1.39151712215792;-0.857158177157414;-0.772369238921178;-0.737906984478559;0.724998589598393;-0.95243026278367;0.348256704780308;0.772142500078259;0.279964625963451;-0.0931370777994365;0.797968564248669;0.887082533055437;0.673794654864105;-0.928885050614816;-0.993739739554657;0.849226254459176;0.72814409317374;0.849877051516778;1.20274042015822;0.938283547864589;-0.58711406343599;0.233073682037102;-0.335248676980678;0.778947381912807;0.948046404066886;-0.330299368087713;-0.593466549563981;0.838241769277138;-0.326691390784834;0.242635683836641;-0.477296391576365;0.650471964238866;-0.839675859803338;-0.590186585134765;0.746972489573154;-0.0590181655652631;-0.619365454105947;0.0296518717200991;-0.964674400164522;0.285393341804734;1.34298799908832;-0.62398482966342;0.677630498024943;0.334654996369969;0.388535585342605;0.791415410685017;-0.160091379940409
1.14335762983996;0.524489297488755;-0.39755234636974;0.556508932574285;-0.839287013364198;-0.367775344606148;0.992876862207505;-0.305073891614004;-0.859030886582731;0.606007559149735;-1.01757770065345;-0.0881886323299758;-0.932279695832927;0.598550502949933;1.0622554717298;-0.39170024883744;-0.907391739715621;0.930392317800446;-0.663021671140224;0.592539864301096;-0.665111180555704;0.498779995821467;0.736664154958325;0.0318507708460403;-0.911838944396532;0.349949082721036;-0.895104839192819;-1.09734822320483;1.12554249178317;1.07728143204578;0.530763390311021;-0.559904323846983;1.03904769349206;-0.907878430919372;-0.17275401297171;-0.659155610762677;-0.921450404192446;0.940343296150448;-0.550061222940554;-0.858427700415213;-1.01557255210922;1.09577127686473;-0.337108466150555;1.0459434470316;-0.564415972094816;-1.05881124267976;-0.939086104828529;0.866568319643073;1.08969134015653;0.844307693830677;0.629797960166347;0.280247083972678;-0.947200250179388;-0.812886651928402;-1.08412592736404;-0.622545931379777;0.972530687922427;0.994013285368737;0.508962202362572;-0.0937136945142504;-1.18998223689589;0.816345997281009;-0.459242066371703;-0.308281228646712;1.29170009788633;0.704983449821998;0.24840141137189;-0.99397668145594;-0.711278544609644;0.140862427069612;-0.414957224903029
