0.158623264400062;-1.14588192935147;1.9522753700366;-1.2643508281801;2.58521011416426;-0.33637977103078;-1.4166743183754;2.10735257223448;1.82893516546771;-3.34623102654549;-3.70876121812189;2.00921562864758;-0.56171463205853;4.10031431650725;2.60316495489163;4.09009439853838;-3.01329716164465;1.97740623346751;4.17338035463231;-2.95024747453407;-2.22930382322317;-0.999875089487917;0.665346915884917;-2.47560929118803;-1.18734753615854;3.14807987892344;0.5480278382177;-1.95910298154049;2.31674243216641;-1.09587027434386;1.71701309351833;1.22257066601356;4.08551855824663;-2.33182614917721;-3.95046387823158;-3.39981414929179;0.0193415056500026;-1.62203005882981;0.548990483852116;-3.1559057596275;-1.67404446818227;-1.74428296863251;2.87348750280576;-0.250020399163139;2.64601855053251;-0.249440996092981;-2.93287408150688;4.30264313101251;1.65957803012618;-0.214662760932008;-1.09843508840738;3.14767301778288;-1.673099360001;-3.31720116229121;-1.364558249979;-1.59954994601243;-2.28316234825799;2.76408304200897;3.10535632822482;2.1022132760779;1.47771215157277;2.33283833970716;1.31918371163389;2.42503099087353;1.66630355964088;1.44529992422679;2.35647233224422;2.15691479529263;3.44923356379118;2.15706666030118;-0.95882261615937
0.593087670559743;-1.48080785345914;1.89727201817946;1.23041956393874;2.43807495454124;0.205976429259239;0.266813978008697;3.59530013388677;4.03683076127228;-0.313080579638846;-2.24578440809389;4.01795135369865;-0.4163789735236;2.93887443150436;4.24222638431379;5.60335298499482;-0.944812514216506;3.29066935939382;3.2253780489763;-1.75988946803584;-0.781840033443032;-2.55358079348458;3.42140665879698;-1.06366009191169;-1.48841647741054;3.64848344328975;2.33461229175099;-1.16039160724148;1.90310192685283;-1.11167301562427;2.16877238521492;2.61777763910428;2.62944514435323;-0.732953234962597;0.448816614288248;-1.41839913346837;0.531905488067531;-0.85655850123794;4.06257027410022;-0.687431769606669;-2.08693398729507;0.367245027761743;2.70955336168269;2.15135093896427;2.20068014006868;0.995092204138769;-0.671084965519868;2.88999972118911;2.37442763051223;0.354889411967808;1.28507762543415;2.29165431166391;1.83515213627631;-2.10388034306481;-0.174186039481593;-0.876629549449199;-0.579732211843469;2.5412082718538;3.62927513739395;2.69875233306686;5.02789970176377;4.46169304277056;0.94885125439807;2.37680880375681;1.97577419064923;2.79148725941836;3.54936094698699;1.94745532059124;2.68292898970275;3.05879085487821;1.28594976885785
1.77976057489213;-0.919463437807039;1.21859336828198;-1.41233612899899;0.995595097805438;1.55449600058558;-3.63726076499761;1.20408439773679;1.79770998618923;-2.7976670018809;-3.28372405701776;3.31475983533138;-2.12575099401137;3.2925971574029;1.25964779481423;2.70589950130507;-0.919478114590998;2.92138304782735;2.63038104323395;-2.23260045948691;-0.878126238864351;-3.02187850239472;1.97856592354677;0.581593084677543;-1.2271244603238;1.89053204364215;1.47709942316223;0.118149230742066;2.82991292964112;-1.84421077394973;0.393798508574438;1.14951214930437;1.72470526247039;0.334387824217691;-0.577404338073463;-2.12152036600028;-1.57067784542665;-3.24041808279898;0.405790761731153;-0.674878872982479;-2.71272004528631;-0.209481312957888;2.7160076556066;-1.0041469047242;4.01135331072895;-2.5110297379449;-2.03579770630256;3.22241953682987;2.84077442653923;1.76942214570088;-0.4319344561967;3.15382890092884;-1.06039943034315;-3.44406218933134;-0.715654766551428;-0.639361235001477;0.574191334182475;2.91735286294669;3.42530384494908;2.31585622860784;2.98522647185206;1.97915387936031;0.330900933039415;3.57030220457883;3.96623806262727;2.37155149541803;3.05254166313173;1.87081865850279;3.21261106308663;3.47940991549016;-0.207288028708551
0.671311047065709;-2.83492017767127;-1.19230812408421;-3.02746215755249;-0.195380741442863;-0.691870692225457;-3.64202832686096;-0.732648984817791;0.251162391317118;-1.47685984915901;-2.76794122078265;2.38148002339895;-0.887391288796362;2.51717501690918;0.331275258913612;2.48049115220146;-5.68958922755392;-0.705770490459537;3.12556750667244;-2.35499150104026;-5.13510528481139;-3.53612288353585;0.514430873402699;-2.54065774169544;-1.17549065903413;0.163373838348263;2.02804160658339;-3.2840887313195;-0.108918615997995;-3.11124654122678;0.811062743647004;-0.786067477431617;0.00550806702102424;-1.93846031388253;-2.16766126072701;-5.54449519525997;-1.33159050443098;-2.29440717010303;-1.68493710969076;-4.2815726249139;-4.31302860486632;-0.618869124649578;1.34451604580415;-2.01940505226828;2.2590491710001;-3.27322262373363;-3.19976908371702;2.49126071027546;-0.403434843154536;-1.13878220998149;-2.30528385575926;0.499586100955852;-0.273122491829024;-2.14227630836719;-4.11875644174669;-4.62292963922254;-1.55979332457474;-1.56129543313696;0.0758810460688306;1.06048502951342;1.90369869153324;0.186626649468071;-0.349663872913133;1.60812740794669;-0.320216649813845;-0.367083671701317;2.04690548150868;0.19202887172757;2.34478287620938;0.784014578758793;-2.46333728394781
-1.69849960074765;-3.19971251582952;0.747287462310033;-0.28759998672181;0.669290492039795;1.51604167907167;-2.88938812885795;2.68621309025949;2.30773584105665;-0.734129215316228;-3.73232335837452;3.54132878449371;0.402614012157621;0.856565359128371;1.20995006444198;4.49889513387272;-3.96810426672716;1.6769108016286;3.30147262346399;-2.35659060940901;-2.55948582020714;-1.39764428166999;0.978622962344875;-0.314071317427725;0.345275466136136;1.66250689936321;0.351037505285342;-2.19650571360688;2.12118526357703;-1.53489406573811;2.66468614115988;0.678608244911321;4.26803935096787;-1.39419617130656;-2.26495876361804;-3.63122152109322;-1.68391010991393;-2.91857009828028;1.83550825765175;-2.70531120530842;-2.98490277261721;-0.761481660427491;3.72626718123854;0.327831454736963;2.88305115809111;-1.8959298216728;-0.808392357795421;2.9043554671013;2.19047322374806;-1.59230138717814;-0.78270865799421;0.670686396029528;-0.572428930839192;-4.14355472110129;-1.12628572086071;-2.99176932847592;-1.06779518792887;2.98003095378924;2.61595965547555;1.64751084124529;3.5027681423392;1.07317146902263;2.16007688633545;3.40933094594386;3.39720781131573;2.03217569316353;3.77254018345625;2.15925766936975;2.10245328506591;0.970903349384574;1.12887394247055
0.66260400824344;-8.28640239553796;-8.19431852195559;-9.1439109564846;-7.6443613164897;-6.26555248846047;-8.7821517378606;-6.75231767859221;-5.09296144209937;-9.12698244116749;-9.75545756860126;-5.46103127764148;-8.06191562746292;-6.5536215491228;-4.71920073134295;-4.85906618401376;-8.80143863399999;-4.75446184059481;-5.962778920964;-8.43748086023761;-11.3840006469898;-8.58023270542933;-7.16159878748268;-7.8454280335495;-10.2642985448923;-4.91100385956545;-6.556615319063;-7.54183307186632;-7.20726958757168;-9.38359847356947;-7.96308178766121;-6.22998088261053;-4.46316134254041;-9.34417293826842;-8.4269717441588;-11.0631364539008;-9.28775568172522;-8.81935782471901;-6.68520003336101;-9.62933331791631;-9.38450553100406;-6.64558174678878;-6.18204744759014;-7.03459774848206;-5.79301640382043;-8.33297133132593;-9.75301231491179;-4.1592045085564;-4.55931187506898;-6.14291368381837;-7.07540945537678;-3.71214840313222;-7.84404276424474;-10.5937460665164;-8.57347014592917;-8.50539512204516;-9.07409081743702;-6.01704752315925;-6.69060480288603;-4.07262983162465;-4.82417111493638;-6.92726269581238;-5.53682824017219;-3.72949113818539;-5.42770498534172;-4.66919859834598;-4.08544839397528;-5.80829311738065;-6.73254985144914;-4.97933042768456;-8.07823971769641
-1.88401263824751;-1.16703485342975;1.56757555168119;-0.287212781790809;1.46850031039833;1.55785549402496;-0.933469284502054;2.98244896669629;2.76985766998948;-1.79099609652115;-1.04713763115537;4.54973297157004;-0.727528731638796;3.99156621433482;1.10299865894952;4.1859881613641;-2.43157339660702;3.3137957374845;5.60480579002696;0.838088688295594;-1.4855272784363;-0.0127470551722386;2.19081818700745;-1.49834867573872;-0.077516007757351;5.54111518797565;2.74602287532839;-1.06546762587032;2.95304181335464;0.713424328206257;3.19389155650493;0.653775534781366;3.38592387859838;0.322363982465467;0.511431889095459;-1.42860146249949;1.93912249668362;-3.15355669382818;1.36174238576571;-1.77364479076712;-0.451394437958802;-0.7504816477906;4.88038695533125;1.04047003940315;5.53912395693911;-1.65503874404686;-0.0539583513025236;2.82839560487334;1.92881104926572;2.95368348727295;-0.0770686263883542;5.11496468107626;-0.0263882704477007;-0.998164746043941;0.643223573823584;-2.32917365560497;0.900756998915477;2.37020592325272;4.18720808340719;3.32301170563405;2.14203569456628;2.8904913329588;2.77252596210179;2.77120413003946;2.95920526387292;2.12780365229396;3.04866936468339;4.06745410644398;3.609133236666;3.41623121994105;1.94783369800703
-1.0759004370403;-2.3537875916494;0.525383937572239;-1.13225132406542;0.770179512838348;1.53280469389692;-4.42744951988078;0.524469539519591;1.6319465691817;-2.21110675684525;-3.48372160167042;3.45531043597542;-0.604613899963737;2.32071152226792;2.5562468795758;1.96449600172905;-1.63375088614809;2.75879713292901;3.48518185438947;-0.631398269000653;-3.4021280073668;-2.79557659840069;1.81665386508869;-1.73929515937096;-2.21114169428643;2.03220425241839;2.58045749381462;-2.55107487488714;2.68907875142008;-0.875616126718701;1.96253340547673;-0.20504404629759;3.98336740512821;-1.86378280045244;-3.034149294387;-2.36540784719096;-0.0101258202450293;-3.48391284312408;0.41281034881739;-2.78337111380579;-1.51629594484544;-0.731055371676513;2.41325530039613;-2.03615383658376;4.08893635378444;-1.47547951952492;-2.81083591051144;3.82795410448019;1.76867063567548;1.11402437884485;-0.920212947215897;0.953516831447711;1.67553606195117;-2.01315884217934;-1.96136068667855;-1.10130264948355;-1.05430545839196;0.466563618105417;0.61093782566523;1.26874444163489;1.1801531012814;3.50210453291619;-0.563964444146913;2.07985944315009;2.62797871357044;3.17002544917715;3.97678948887821;1.5116583190405;0.619002326085132;0.941428423262367;0.533115814294073
0.185290830429042;-1.66506250375465;-0.246029226046378;-1.19557676863387;2.7295816512916;1.41481854435949;-1.5223102353478;1.98209449255623;3.2907564047845;-2.61114601109563;-0.751525688079151;2.39225216811038;-2.40879861147908;1.91021908414447;1.99905637359426;3.3730165727522;-3.42726074624138;3.35239394874327;2.74215107236877;-2.99753498482565;-3.13683674605286;-2.96189684906582;-0.456232976694449;-1.46183801450756;0.0453923221380606;1.97201257531851;1.16047080056399;-1.28150290578926;0.558880013800916;-1.40505639052452;1.97663354520006;0.277010713744187;2.83386885799167;-1.92588489571651;-3.53230586722934;-1.85813302581043;0.388666551644203;-2.70078587772633;1.13892363151547;-3.49763615976224;-1.11071799176593;1.21312429628931;2.53178930072426;-1.85650761593284;1.99149567337482;-1.85697907673044;-2.49923065611672;1.61346843012507;-0.00505696104008849;-1.26575732899178;-0.266594005687246;3.07975562204384;1.04828433184932;-4.00111364746207;-1.90900270832823;-2.88254864906178;-1.43644368433991;3.28617199521858;2.15955705026749;3.66697146255207;2.86078685035865;1.79392169272544;-0.319890909116957;4.41420486716402;2.35993464420208;2.07641644710081;4.20932509275504;3.63805438838445;1.08529966616807;3.74544178149549;1.68893933803332
1.10370215394514;-1.83973540492025;-0.327336207662027;-0.571671721528761;0.889707002991874;0.887198773821944;-3.88129309013267;0.656993248423079;2.22109308163043;-3.02019899667408;-3.55534916426942;1.70213203733186;-2.2323316047016;4.03960879437276;-0.043809221352964;4.16068967890708;-2.68887093056326;2.98864856117663;3.68774724499235;-2.21357479408863;-2.17612475211612;-0.440260223040706;1.20523210671367;-0.479110066559256;-1.51491754020105;3.52456882798642;2.31060593569967;-1.12777314225968;2.85649060338295;-2.24721983987647;-0.00249790839908518;1.00094474488507;1.7576533360555;-2.02881916406299;-0.893135162844027;-3.64105640853731;-0.576696160818227;-2.36606851309895;2.3704425395183;-1.80720763252614;-3.0718307995098;1.24186678417403;1.09666096122998;0.344234088815628;2.41667336278535;-3.2379226895179;-2.92249909762367;4.52414664088777;1.3218527175186;-0.247522173914088;-1.23747881632469;1.49738224943455;-0.122239381545965;-2.61009726827394;-2.23750935093285;-1.34533725843076;-0.032265374224232;1.97260788011288;0.790751166558695;3.51485685627383;1.11985663176357;2.52152536910038;-0.702286448142742;3.93717580782016;3.680483926681;1.78897523445905;1.04239969075968;0.364434870355371;0.512343359089183;3.23597038373338;-0.111045636502402
1.22080008011962;-8.70506888033747;-9.74629075471374;-9.94652903216951;-6.94130529936138;-7.18303343512463;-9.74389370677101;-7.49053372805365;-6.60580266501867;-9.69968322873957;-10.6648581893112;-4.75653124635965;-9.60081982865995;-4.48733097523719;-5.78672695019866;-5.95452117106503;-10.4253171869592;-5.48427724356744;-7.28558183911477;-10.708764318681;-10.5506593064109;-10.7356274145109;-9.50881409857219;-9.10011129277604;-9.51855914033805;-4.59227613574675;-7.42994249453092;-9.0130762427879;-8.46153999578338;-9.20673398366505;-5.96836507754888;-7.48465346879812;-5.21920218895974;-8.03063360216926;-10.7165826053904;-12.2295084387765;-9.55830594425808;-12.2639889803677;-7.35608961428229;-12.7676381585724;-9.69190120807453;-9.08172922357048;-5.36101979753085;-10.3143753051667;-6.11947648732776;-9.93552646999675;-9.90358204759196;-4.48947383757822;-8.83128920766226;-7.65833740176778;-10.4876434709407;-7.11992745876427;-6.99866768422157;-11.7947338621397;-9.45391765539494;-11.3687636914469;-8.21935780798551;-7.46877166303637;-5.92039915864814;-4.84273670466059;-5.94214070297107;-7.49157731063966;-9.56758798908297;-6.57363201735469;-5.67655935854904;-5.47836179921387;-7.17172162393519;-6.34217353019972;-6.92346252399298;-5.95430047850307;-9.97696025905331
0.0951533193209643;-10.7517117801011;-9.78749747827228;-8.20432130896773;-8.27202748389669;-7.45616155354725;-9.43459225789334;-7.56393900431043;-4.20493950578842;-10.8000456028588;-11.2290689101547;-5.64911343901876;-10.0379860195865;-5.35055944539833;-6.27065865310713;-3.82968957485746;-11.4528272481857;-7.61016604210079;-7.08526551470958;-10.9502766030057;-9.72138052358476;-10.3910729964184;-7.25925680965259;-9.50969091835981;-9.28109609659472;-6.00114173833242;-6.53826836870369;-10.1904762420871;-6.05930665678191;-10.9456139408929;-5.91701734797982;-8.99502203750865;-6.01001939162341;-8.73458231052618;-9.77076772250213;-9.64387577820325;-7.379348806315;-10.6361959081996;-7.7183479798243;-9.93966215382971;-8.79350966593673;-9.68386385924042;-5.11282250625101;-8.6233318258835;-7.14330360712707;-9.93882750543906;-9.24765322897964;-5.00840332017564;-8.82399793821822;-7.71319410797129;-8.50775240255188;-6.17289860010781;-9.21692268108649;-11.9069776359863;-11.0663498026496;-12.7931580160814;-8.7358094704075;-6.71302917606558;-7.85807982234241;-4.37722370166459;-7.1569893490581;-6.05492226429993;-8.2634780780801;-5.8763142440493;-6.4408998772917;-4.14483436640123;-7.32353301576782;-5.6880214278238;-4.95275735078123;-5.24411631572354;-10.081132202626
1.16979862196405;-0.279263734645906;0.0241222695052084;-0.574903210818249;1.59741867403903;1.34145787677491;-3.98306954078744;1.61696922073121;4.59534148179295;-0.625828623421522;-1.0215350072355;1.54839118739737;-2.46163464401168;3.06071332628688;1.17341633073443;1.72929671139812;-3.64498339609962;1.83890662025075;3.78887409623428;-2.74249102386567;-3.43632251877258;-1.84281162256415;0.687572705682127;-0.468288099931264;-1.42688313881294;4.28197003296762;1.44281008986015;-2.57316680203912;0.352185349015862;-2.35345747272777;2.68708547254994;0.698506979676375;2.17197755218061;-0.364329263182614;-3.92800041303209;-2.10453743256363;1.21151927666618;-1.29310466680401;1.54804384262962;-3.08805555425548;-1.64446239453455;-0.947746336225916;1.09748904545448;-1.43109909616553;2.2573850995251;-2.27827003260747;-1.97575363877003;4.31413123009447;0.0100355565639256;1.22484757325693;0.658946656709212;2.05356676690125;-1.00866318594136;-2.35601710112738;-0.261005818304936;-3.14861912611718;-1.32457438511554;2.56197301038186;0.632536801295161;3.71389594206952;2.37496310597012;0.494702496027846;-0.608445303664722;3.04722175863678;3.63399953871427;1.25478707450446;4.02655485204108;2.02286215750592;2.50136466660542;3.16540557957684;-0.778433814154758
-0.523654866764745;-0.0606114941100872;0.43245500255786;0.463262660942934;-0.51228737184502;0.154384029577338;-3.0501788980368;1.49437601647172;1.36578809385427;-1.16721951113345;-2.26121548972129;4.06734736236771;-1.20375386609903;2.5441409920413;1.7587684371688;3.36614028619898;-1.27450459943547;3.19874953067759;3.85539209897374;-2.40163591795355;-3.87143529423547;-0.795673340124972;1.83974678339613;0.664693601261241;-0.629591517335091;1.8969853965304;2.53184175744185;-1.65928022983183;0.73138861595048;-2.1950224662845;2.31256459319739;-0.937232261401742;2.5986879546852;-0.48016313245373;-1.61747032366645;-2.51006979477822;0.589623010636351;-1.26050533569581;2.46196765093059;-0.751481786969533;-3.38211392083426;0.151482865199905;0.909582352098122;-1.03148955437718;4.54613708992609;-2.9647815341738;-0.352203484176679;1.8451549314394;1.1620420063918;0.335969368587654;-2.38697665112207;3.64714430667128;1.63781717729875;-2.54172202024744;-2.46632962439412;-1.95135830186085;-2.05230757167496;1.88990371829577;1.07919970219726;4.04175420867645;3.77060596917152;0.719495217189972;2.56150660312187;3.33098174223554;3.51970920640863;1.85663448371557;2.70542057319868;3.44915648074344;3.34601062097489;4.20886972427954;1.53288570272967
-1.59613034336167;1.01469533660442;2.33259835178311;-0.387781147243426;2.03665776378704;2.07594563497045;-1.63950653928831;4.48783145998698;3.45555073924598;-1.01859335253246;-1.6463335485555;4.46010371647285;0.608695063973541;2.78736077642975;3.98110565101455;3.23981483155433;-3.59026978537904;2.38159919110838;2.02680577432678;-1.43253270480528;-3.22683075253478;-0.464547874965178;3.03465393326923;-1.30446523516781;-1.94507769736559;3.92798616087767;2.6000127811131;-0.660986022526484;3.08756168623023;-1.03484537307205;3.10194746181205;-0.153351852543691;3.2172366981731;0.47948614422679;-2.92293861387905;-0.854580983353124;-1.10689858697179;-3.02829726493564;2.3199058808827;-0.368905550410188;-0.981617230860996;1.13505016154364;3.76281633308698;0.268497444049952;2.91484502293802;-2.11344978357428;-1.43132777981562;2.94461486348341;3.51506941196297;2.10557124840701;-0.283418956602617;3.51226457456336;1.92954256017335;-1.34933618195962;0.240882408088134;-2.29083826210911;-1.60907405311968;2.85608001430199;2.10647591175527;1.65657269031318;2.72087066124534;1.69470720634699;0.295663086709326;4.91377041626489;3.5321556182451;2.25046985373716;3.04246202152976;1.39883024448743;1.99157280592789;1.87259223705217;0.199955956045129
1.22663750051135;0.568803920239522;0.290602226065252;1.94866408838052;1.92562515347627;-0.38381766735225;-1.60318935658991;4.38921240836531;5.0365801687707;-1.24491995552321;-2.57136536424854;3.30666975698538;1.46232516758114;1.94881814876413;1.5078129177923;3.98337756412157;-0.374188326808304;4.39387197304815;4.83785578453899;-0.0361818215124217;-2.16921567762545;0.474040259855718;1.92598639015514;0.310828636010872;-0.341438523565486;3.84954767230516;4.15102757603365;0.90584253100803;1.14267423905856;-0.262339908656786;0.671661519450952;-1.06335414490739;4.62517867589715;0.250374946269856;-0.629915042083773;-0.724141614936968;0.938053674335265;-0.761793959316962;1.35501680866965;-2.12546884719267;-0.757124683382526;2.05146589705094;3.04834829427619;1.4083410201991;2.4507214083446;-0.150183116902676;-1.24389252495833;5.11415762010698;2.14488520379822;1.57507575841557;0.221608035049742;2.76208800456091;1.09734560225196;-1.77773777716633;1.18688679304756;0.267515729357377;-0.818665917089477;3.00895216267957;2.96691398286012;1.75161057785594;2.52025470927619;3.97435798078498;2.26956349154035;2.2935973791572;2.3074179553983;2.36307233968886;4.29124822959237;2.60920355533298;2.67016875174112;3.07902228068786;2.70872857257942
-1.38952260524203;-0.0506736640524212;1.32706999814223;-0.513136782252828;2.18648444945367;1.31710089073358;-0.15433265745733;2.85313366279922;4.7670324059534;-1.51768340960122;0.557449219059526;2.66469780344367;0.11175059234946;2.23616113471355;3.55267366404226;4.01791958561891;-2.15872455682843;3.29186255154239;4.66817665964214;-0.735087654689045;-0.119063192354273;-1.75170966598406;0.831360901726206;-1.28822234599687;1.30966474558034;2.76156599105735;2.43913449750887;-0.335575977981019;4.31425149401301;0.567860825616166;3.3951532503717;0.471841612735322;1.97384056255707;0.894490152946978;-1.23467617195661;-0.928621716534799;-1.08636764344669;-2.54714536207102;1.9190868345069;-1.33352185070985;-1.43030419050499;-0.0735343122151968;4.15318175984354;1.75120662372145;2.75608582199745;-0.972072280725845;-1.66941660083738;5.76241238431445;2.46923654030486;1.62056425570263;-0.525258912543127;5.06111144152563;1.9175142782352;0.11550350443822;-2.1042215528801;-0.109095342232643;-0.325335011884957;1.98012378183874;2.62274510651788;3.11863455614867;2.26871921096125;3.00028605398104;1.33064275445672;4.96258414550387;3.07989803383647;3.97487416642173;2.63626725446515;4.38324903686113;3.64847799500721;1.66401599361009;1.10334477693315
-1.22437282743399;-2.61779995832853;-0.538416025813718;-1.41428707232902;1.63977717347803;0.731313856301783;-2.53456673935715;3.61067949538379;2.57932765669705;-3.03443387653661;-2.72020793830277;3.76885370778498;-1.41049664620219;2.8368545244211;2.93788730068779;3.74280560733804;-3.83010384327894;2.52368198567414;3.4648886458167;-2.38210445614605;-2.10979843502081;-0.52402578972097;-0.813583006720428;-1.17257404808431;0.551222042030245;4.25915935542359;3.53390513530576;-1.69014891965883;2.01016203565731;-3.20675600927337;0.338835788428819;-0.797383457625867;2.75913028797766;-2.02335072781339;-2.92724141904535;-1.74020539684209;-0.278987950782821;-1.68166290944217;0.920009802933634;-3.07702220813978;-0.60298756823055;-0.184503413077818;3.94225115407301;-0.872593033710874;3.80229746168623;-1.4060797245135;-2.89623261237242;2.19806039773182;1.77714225472575;1.41269159376008;-2.29052791993083;1.91472708782181;1.96648942088085;-1.62416450194487;-0.105775670709853;-3.28866824839705;-2.06600298191037;2.65583934283326;1.38633514048543;3.73118379866984;3.2450114215956;1.15613932956309;-0.176759801168343;1.98045838457173;3.5257626493376;1.14795649522469;2.13664784918997;1.20980483250449;1.37269878523815;1.04232772636698;-0.79763447820753
-0.441763648424202;-0.434585463477197;1.99098112529069;1.58406524458406;1.84605569410382;4.08680663141371;0.300280601623706;4.62483851745372;4.2944754950747;1.72971981466392;0.272953170358381;5.06228006218436;2.09348968686108;2.84923652244281;5.01550459665207;4.28241849277347;0.463283456699082;3.16002858245418;3.2570077438673;0.623343688217376;-0.0832083418872845;0.0272013184269512;3.02651891261747;1.66513644823436;1.71390180518319;4.05585252652174;4.79842843856572;0.739581210004249;4.31191565708815;-1.19407867087937;4.05538611591915;3.52463605443833;4.78197970278367;1.66651324525498;0.740450914049884;-2.20344582175385;2.16503436844602;-1.49033586309024;3.95744873106873;-1.12948035636862;-0.321803731295962;0.806206902455894;5.86299104245885;3.42906526749259;3.02079707189901;0.352246680511953;0.453185767272284;4.02666374814256;5.16359523387252;2.94140167674719;1.27181047662434;2.97152228115838;1.20660213367287;-0.486191408716123;0.885904946455055;1.11710792200222;1.79822158011308;4.39330251707003;5.26778421369658;6.18654566764849;3.73162003329335;3.43223114778567;4.05675758598074;3.55390349146016;2.96900515289361;5.34021007833166;3.2781993956881;2.89490179940418;3.23850043667464;5.45416005414779;2.81906807450906
0.302811378299005;-1.16851530884159;1.43733103655343;-1.1245367745139;0.92931110214016;0.781049375962135;-2.06712536146994;2.70810027748678;1.78006388797619;-0.324377108911718;-2.32878522927374;2.2454789034359;-2.59009002951994;3.00063841708664;2.09186583810201;3.84528935319017;-4.09981032532921;0.512602676190291;4.16084145523936;-2.07942239234371;-1.32853614102535;-2.01756793372719;1.70390946693666;-2.29303157205454;-2.24746256127833;2.52024104962811;3.03854088433449;0.0590057584868635;0.961730143219759;-2.50946705484237;0.263009679706263;1.46000062146693;1.79965600148988;1.09680801902517;-3.64057530824348;-2.56549926894579;-0.34402693781681;-3.38833014620982;0.0729154358584091;-2.82255773335069;-3.42524764516804;-1.36337130014219;2.87733678483813;-1.57084273486399;3.86169431075607;-0.383831895158762;-0.0253591197309093;3.29364701004033;1.61089122999792;1.69625544320845;-2.30337080185258;1.67369307479097;-0.0134683908779327;-2.72947082117415;-0.173496713253473;-3.69914883265418;0.352971450407686;2.32036113392227;1.04308724636071;1.32795323787906;3.80195798165643;3.36160828579282;0.0127455451827948;3.97108791790809;2.87996273043666;2.76917738164914;1.61640000313923;0.397234958836398;2.2934692389124;1.06525280769546;-0.586459073510835
0.903216244547682;-0.313317716057029;0.251685239075934;-0.96361161934224;1.65713282810702;1.34306836552504;-2.2034212849893;1.19169686493623;1.74276539338818;-1.70319306304566;-3.54725542323392;1.26844579330478;-1.53104484793673;1.44267533746296;2.87664287686347;2.86853881632657;-1.67806634116371;0.716585955942411;4.27154439261392;-1.40611590727823;-2.07962796535783;-3.53559811211166;-1.10563422120774;-0.894307651349126;-2.10428457471607;3.96931983696664;2.94599988770909;-1.53521684675035;0.505408948888642;-1.80168064826936;2.02506979346872;-2.06320525749097;2.38810971447113;-0.479843503074373;-3.00032743223058;-3.45502397066133;0.915322855155175;-4.44461713861959;-0.346648826603553;-3.32027812370232;-3.34718016975029;-0.515595172186529;3.5441376672288;-0.166565651808554;3.00726221996302;-1.60941011972736;-0.257966027812519;3.10558732211862;2.01742658641604;1.48579441712048;-1.65993530931701;3.71457488564114;0.230063500425471;-2.93570372099565;-1.43376091413698;-1.8668273407593;0.28709011947701;2.88807026620864;0.773741387788108;3.7587750269767;0.72589535598512;1.08891235565104;2.10474217743266;2.93455228253875;2.89116551300955;1.34329045478722;3.20299203049616;2.74148092831082;3.24733713374513;2.45246152099047;0.329519447122888
1.04617935089504;-2.42332708672176;1.59990773948555;0.363765021182787;0.77874022144592;-0.130633877327529;-2.25035292346861;4.19169127625034;3.84322910495836;-2.75972328904425;-2.73693567189766;3.44408966624879;-1.05800613782394;2.22236808206861;3.34398756766413;3.27011183753744;-3.61811173524963;1.10626407962856;3.81337621655798;-1.50475225488937;-0.637253710684762;-0.135538177630689;0.194968559971053;-1.0404182636209;0.992810150538679;3.45244068142673;1.92805946396165;0.599842101145209;1.80431158270899;-0.426700927332551;0.154202784546236;0.973429194546898;2.12054546771746;-0.886692473220475;-1.37439163198328;-1.00303003088544;1.58623365006032;-0.772723404457528;0.995257623168013;-1.72396357473928;-1.62490702786007;-1.20244607560272;2.92627663820663;1.62051696036716;4.30752356613511;-0.857900633241728;-0.334750174753786;3.01542321111244;3.34842670016232;1.41256706077522;0.160693823243095;3.96520523829796;-0.0567388772200475;-3.16645898128107;-0.181262795204513;-0.289987625041432;1.07021858024931;1.64544299657059;3.1977639156742;4.15183031081999;4.4638741494958;3.10066238189199;1.06887357260697;4.4146050081366;0.968541913613989;3.31071636670144;2.90923976787438;0.884408226250262;3.15566281306798;1.1700237673471;0.814750408393109
-1.00719474337698;0.364084292816056;-0.162029249872445;-1.15051771242885;3.13529413696044;0.737932986636446;-2.4027044495831;3.03326801924876;3.02087675140674;0.533522933948154;0.0507634507300195;4.5095287153118;0.602698792726751;2.08995416081378;1.54144026586837;3.42108916748239;-3.32656013702208;3.20989345190387;4.15292728836528;0.428959229428185;-1.92860898619877;-2.05937037122472;1.47369063957002;0.561549235442203;0.95748168573258;4.10111261579355;3.56676983710785;1.07216126302761;1.42199514346188;-2.54039891618983;2.2155887052345;1.25156838213936;4.96483201929981;-1.13605768258265;-1.32382055167035;-0.311997051191738;-0.519394037453248;-3.04458519348966;3.14569334349707;-1.18370548714448;-0.85926692138912;1.97708929613467;2.57705668351163;1.94626579110161;5.03103829917856;-0.125463065063755;0.226394372680085;4.48212337140386;3.05227533894645;-0.355079367324441;-0.545590797426786;3.30862539243647;-0.632550957437089;-3.05763989805449;-2.02009490831733;0.0165526236131078;-0.576474767065099;2.00402043061195;1.94976245204717;2.70432964471446;3.92468344549206;2.70694449907359;0.628913224883206;2.55056799618903;2.53654868594885;2.66489365448341;4.85287418781751;3.13062483619385;3.20363061667873;2.39892540832008;-0.0840272214016124
1.47766945426362;-8.6604251074622;-9.18634574082703;-8.86826956411784;-6.78238177500756;-6.38913884405354;-10.4438910513475;-5.09166223384411;-6.55757354847401;-8.3689136156481;-11.9973679403764;-6.96661522431884;-10.2790070802153;-4.86216823314026;-8.03837150784707;-4.62232462715344;-9.55526905462792;-7.46578402812744;-5.0595573144021;-9.55811092299548;-9.91161919530562;-8.65438144874913;-7.2834747335116;-7.38242748390121;-10.1429332751149;-4.64411961845265;-7.18793639733797;-8.99443622994519;-6.12027575850677;-9.30720559627894;-8.24939240566833;-9.59472852338444;-5.37350914881833;-7.57678500361184;-10.2943652426699;-10.1027161228021;-6.81560632482904;-9.98601440822007;-6.87202831565809;-11.803097920672;-9.19688997853145;-7.72350227844403;-7.04920696680325;-8.72066828236589;-4.852764692809;-10.4269102342804;-10.7027215951881;-5.14587094628871;-7.23933224019469;-7.71412272508934;-10.4750596824408;-5.24687111413234;-9.39267432261856;-10.0428894643203;-9.68377171526243;-12.1055634907971;-9.67216459423572;-8.06917546192218;-6.88225569120018;-4.07463470149851;-4.66236340315784;-7.48232586212377;-8.78209192621504;-5.86759629209375;-4.72925255271858;-4.14346149959045;-5.27778470461789;-6.91687438421021;-6.99262833868154;-6.38302341470783;-7.43774939715282
-1.27828091198719;-8.6139100087209;-7.07521956733547;-6.38421494956082;-7.78237000283557;-5.75672413211471;-11.2505002511893;-5.76184593714178;-3.27442089702108;-8.67314396578887;-9.12683974823173;-6.12650517347454;-9.86045389947823;-4.1976698889766;-6.0337823008406;-6.03615179666331;-8.6948395955871;-5.5487807155702;-4.49013640523928;-9.45051015567038;-8.50774809199594;-9.27716938713868;-6.48722326340503;-8.76523970412699;-7.45568723468308;-4.07189116755695;-4.32826430946198;-8.36698914459584;-5.05206437191362;-8.72263752793371;-5.08669787295553;-8.36384813571664;-6.25464573990351;-6.75417749312461;-7.91283166200232;-11.7304414999887;-7.40732783787651;-8.94446384084558;-6.69451066085096;-10.9123003265519;-10.6678100281559;-6.77722107260907;-5.57795510253139;-8.12956085953375;-6.03959321173103;-7.89323412040013;-6.98243750766755;-3.81777295799241;-6.23521409430437;-6.07362817880811;-7.59261837616912;-3.50635612104254;-6.50884410932711;-8.5137930204808;-7.88151431149196;-9.29202156138332;-9.89391817140024;-7.26907940548689;-6.5574643228741;-4.74220594944618;-6.36163798489419;-4.78991158505601;-6.39401645384693;-5.86285404626812;-4.06970687331327;-5.19765603239559;-6.25038039997048;-6.41628328318427;-4.58319301292653;-5.44455116779685;-7.35520962283915
-1.26932020641347;-1.99846442243656;0.659361434297771;-0.121829019055539;0.895481205364788;0.123169090665665;-2.8137115983428;2.17267835201922;4.9580310490758;-0.331679923538834;-2.76162629531985;1.75006879134834;1.12320823353057;4.86015916307328;3.63136697550899;4.00319269243685;-2.78022865377861;1.61813753786742;3.11838632098845;-2.68757501046764;-2.07670555662964;-0.644214229668223;2.58459801779764;-1.22470703520074;-0.140526619251057;2.5555572476887;1.89123772972076;-0.0989038688518322;2.98690903109896;-0.614075354124645;2.72118845411341;2.03410278518562;2.11288071380876;-0.505236123600776;-0.859305635939536;-0.991581246003601;0.0400573956984606;-1.66017664410357;2.15499736377273;-1.64818256477046;-0.0384885911010726;1.82617444512187;2.20064113379968;1.7222603949345;4.99670798514902;-0.750068216466302;-0.01273550683425;2.76056969671138;3.53593424489748;1.77442747797374;1.04256619999448;2.17830490311099;0.534899181477535;-2.02690116366699;-2.10895344367231;-1.86341377321768;-0.766457354777108;1.26898904795382;3.97359750374058;2.05372919618412;4.88258971024485;3.3641405355298;1.48688317578479;2.60505584675336;4.44921958535114;2.35344301115546;4.84250362268154;3.06396983297626;2.16664236573613;1.8257579753013;-0.0177180146383956
0.646163560815761;-1.17939026126569;1.64552423009936;-1.50220955445217;1.27224281928473;0.231664169362353;-0.980441947377414;1.14517170426865;4.40411218023406;-1.58956173862178;-3.97669655716361;2.74065202003756;-2.84519820015025;3.586760861184;1.68774063770075;3.21165351595644;-1.93254954154113;1.28962225759011;2.01210432682838;-1.85901310191569;-3.86582131238356;-1.1556348944023;0.526632724446638;-0.704247666526596;-1.93364225187271;2.50826251358436;0.379774606797852;0.367325032374761;2.41320146606705;-1.84456381490398;3.01398014713755;1.15482925583108;3.9226234700365;-0.677500274785945;-3.04147154248896;-2.45912240506917;-0.257922077445879;-3.55491873482418;1.14268905661479;-0.688665581843064;-2.59656680129783;-1.90904883374583;3.58229626031505;0.0549252057292653;4.29765510977963;-3.36893999919375;-1.23067624672003;2.66986491228417;1.11921250450019;0.349930474033208;-1.8305135254668;2.07824839713568;-1.44811060305494;-2.1124477290628;-2.89794784839922;-0.883143073509435;-2.03153081094039;0.832395955203858;3.70740219291703;1.57548902433099;2.36043500117929;0.589068374583443;0.354153685017572;2.37932891881354;2.21961566919552;1.33871587061769;3.34441368709446;1.82871353323979;2.17311345051885;3.91055877931778;-1.41357423785188
-0.125017002822335;-0.466171122990122;-0.517067915717705;-1.53036451008873;-0.293600819084366;1.6468209079647;-1.41974959836077;2.45548746274615;1.63879082600043;-0.363468543630855;-2.02671676045018;2.14283179814051;-2.12766199532176;1.68526391089916;1.87472351007771;4.1262205702687;-3.56320921200814;1.73650729766257;2.13394554559649;-2.28722400852158;-3.90427950309788;-2.85255197845007;-0.236152874191025;-0.673980194040012;-1.89591959698965;3.19602866545219;1.87897708152088;-2.66593304176192;2.49188741626607;-2.99859586188491;2.99369013073813;1.02350182796851;2.59312222471129;-0.923769076573309;-1.17194695384447;-2.56170952056033;0.54290111057543;-3.04713172063484;2.61873956955035;-3.98989537941537;-2.76578135342538;0.502018591659324;3.12990392195062;-0.944809361945643;3.82776099121501;-1.51904493872808;-2.56761487773794;1.46157052504867;2.71382742502516;-0.899673927325259;-1.25077667728898;0.890374726074927;-0.984970744559186;-2.39037261148492;-0.136646186378256;-3.5633207565455;-0.718752311124391;2.06296043838948;3.60176618125009;2.74530333558333;2.11316302796139;3.01979256063954;1.54602509214874;4.19146371305011;3.42624047943852;3.38026469404637;4.03633630937528;2.7527601387083;1.8255160130788;0.573720027452097;-1.46305660865815
1.35690602127272;-1.28167003980809;-0.358094036406464;-1.56346096642632;1.0190510672539;0.609309736004838;-1.02834552292072;3.16402117607642;3.55931283114538;-1.70770967185379;-2.64565926089606;1.28785541224377;-0.651676372366598;3.66001189680548;3.10362875751234;3.58979061055257;-0.931646962450646;2.44671331116751;3.36026403850823;-3.4912176790568;-4.10481402650466;-1.95122033040086;0.25825846238936;-0.0442472043220663;-0.753240176981239;4.59463950824856;3.28782921958541;-1.09300326479583;0.129066162403489;-1.57401148476311;0.94748548613429;0.347807844398941;4.14103949444757;-1.92978054434984;-1.67853528753601;-2.441367192277;1.36566490942524;-2.74537534819862;1.04047928659395;-1.64070182195423;-1.39149204803715;1.4375649340061;1.55073282337376;-1.43089346824121;1.1997321584068;-1.24334918887655;-2.31734090558775;1.81616075626132;3.05368394284393;-1.32904204673739;-2.72881928933037;1.62210859314622;1.45094710844477;-3.95175255214522;-2.90543089577916;-2.66962934416793;-1.76358370244175;1.71533286039432;2.54912183731565;2.78247591153679;3.37658158893503;2.10334572119449;1.29580858283607;1.36582986456777;0.806632519313933;3.56014770958162;1.75657418615385;1.91318575293451;0.985280856171161;1.9473618086844;0.887531503773947
0.0924149443519139;-2.49587022513735;1.77601768825275;-0.731902916198575;-0.168531604006007;-0.429325869843221;-3.50268729543771;2.79301661659165;4.16140790046952;-0.678645018252873;-1.69026203187463;2.31627517692496;-2.45905478419208;2.96105082031901;0.473873635528153;3.83259553342522;-1.47524545393369;0.745828996657558;2.03892316012709;-2.36993769729381;-2.99022045608954;-0.868624002180596;1.92842541639728;0.753972701905852;-1.96649575024694;2.30058528488823;1.06988522364555;-2.43446706491464;0.753501314248396;-2.56160765129555;1.80855445519826;1.25179721704022;3.10470695449309;-1.28072030414327;-2.3001628906976;-4.13694475629671;0.989053707905598;-2.07292318090863;2.56956584174121;-3.3870249123369;-3.5300806108327;0.943557685551072;2.84605768136509;0.492123952626497;4.34684179882201;-0.224380933383931;-0.991660233176226;2.79910422825885;2.71594322868122;1.48489398857702;-1.41447170569004;2.29997675512131;1.5022407481258;-3.94465622767083;-2.0163891680079;-1.79045252746366;-1.44856304487237;2.8059094668151;1.21153789093083;3.6436322516267;1.17349240914858;1.03277318783511;0.362674310545209;3.01782653946316;1.03693364288967;3.36624035395126;3.57601127877901;2.656134897809;0.970252821885089;1.07548968975871;1.26163241615574
-0.778903761880777;-3.79534873821864;-2.21728629115857;-2.06768220878343;-0.0957237936304881;-1.83311281773523;-4.9545061982824;-0.601527948052843;0.642075169536188;-2.18873627627681;-2.81203979657068;-0.106874859767078;-2.75329297407329;2.7069700318912;-0.560751561347337;0.233030704809994;-3.52351493165782;2.38567965718942;2.47183558020923;-2.40800756866842;-2.46920440441906;-3.31086642824931;-1.8387156479722;-3.18715704961916;-1.11677564355401;1.56395576115152;-0.486630200419243;-1.99629673600116;-0.523934788811346;-4.51437252858495;1.01039950897639;-2.15354928999572;2.55408777558342;-3.44947909125592;-4.39295579022001;-4.67626583060491;-0.439141550507913;-3.32058405219992;0.794010196031012;-3.57115353902403;-4.28256826458286;-0.135582446263746;2.60432360330961;-2.70399444310497;0.880000714399298;-4.44448695803805;-4.01425798882303;2.11301313826026;1.40614264482688;-0.615858603535634;-3.19349640628689;2.08251461464342;-1.49967301673244;-4.13068875309039;-1.41956296660754;-2.9364535701275;-3.3744557149585;1.47578010332602;0.88516571391804;0.0595143643645847;0.0697480218147981;1.00191117834192;0.104693071225427;0.194785822312622;2.18412455335259;1.2562538749168;0.425525285393871;0.137100273666121;1.55249206947311;2.43931278945641;-2.18769228964873
1.37932095264277;-2.49014823181992;-0.576162548065076;-0.239028648329968;-0.644025850704347;0.166609646066127;-1.20334607808305;3.2176530402232;3.74745345199368;-1.94975212892284;-2.60976973168086;2.75074085887759;-0.818905042186815;3.71650768467425;-0.170882849896555;4.14666454448203;-2.78764555165566;0.607042556206711;2.59840405434346;-3.13547041087235;-1.36162271603596;-3.21843174447619;1.09752863099037;-1.19333603106813;-0.721910269855461;1.76386207117148;3.29329591528557;-2.2005497161439;2.41832894525847;-1.30535244877648;1.62601158296052;0.890927152605284;4.22910110441292;-1.02772758524704;-3.07559781381561;-2.81600379757002;-1.79349612729969;-1.81442291064894;2.23594587682209;-3.33735474737244;-3.3830163304821;-1.85686361807479;2.73273163062186;0.0620405786910233;3.0274067820775;-0.643401077354683;-2.83885397783554;1.74115005374787;2.46042052924485;0.0352099701178935;-0.448218341316625;1.51311966844402;-0.794896136588518;-1.73867645103091;-2.47563990143798;-1.66271136627581;-0.674053878014942;2.33892835160436;3.53479942440881;3.6427516067782;2.62098997941876;2.80058868591775;-1.17512526733461;1.05000851796694;3.02334215045829;2.74549310671307;2.82397319894489;0.608601192548992;2.20353623885703;2.18476499160817;0.923560534048804
